{
  "project_info": {
    "project_number": "74811285667",
    "project_id": "axasol-lite-9c153",
    "storage_bucket": "axasol-lite-9c153.appspot.com"
  },
  "client": [
    {
      "client_info": {
        "mobilesdk_app_id": "1:74811285667:android:a66d54881c6c06e6b59f16",
        "android_client_info": {
          "package_name": "com.companyname.appname"
        }
      },
      "oauth_client": [
        {
          "client_id": "74811285667-isimie1novujsophf18bfhjkl6htfo40.apps.googleusercontent.com",
          "client_type": 3
        }
      ],
      "api_key": [
        {
          "current_key": "AIzaSyDft0uDmbkm5uu3h7zIQn1hzOJ_SHs-ov0"
        }
      ],
      "services": {
        "appinvite_service": {
          "other_platform_oauth_client": [
            {
              "client_id": "74811285667-isimie1novujsophf18bfhjkl6htfo40.apps.googleusercontent.com",
              "client_type": 3
            }
          ]
        }
      }
    }
  ],
  "configuration_version": "1"
}